no|year|constituency|project|ward|sector|comment|source_url|source_document
1|2025|Kabwe Central|Proposed Construction of a standard Maternity Annex at Mpima health center|Mpima|Health|Approved|https://www.kabwecouncil.gov.zm/wp-content/uploads/2025/08/Proposed-2025-CDF-projects.pdf|Proposed 2025 CDF Projects
2|2025|Kabwe Central|Proposed Construction of a 1x4 Classroom block (CRB) at Lukanga Secondary School|High ridge|Education|Approved|https://www.kabwecouncil.gov.zm/wp-content/uploads/2025/08/Proposed-2025-CDF-projects.pdf|Proposed 2025 CDF Projects
3|2025|Kabwe Central|Proposed Construction of a 1x3 Classroom block (CRB) at Kasanda Malombe Secondary School|Chirwa|Education|Approved|https://www.kabwecouncil.gov.zm/wp-content/uploads/2025/08/Proposed-2025-CDF-projects.pdf|Proposed 2025 CDF Projects
4|2025|Kabwe Central|Proposed Construction and installation of 02 Solar powered Water reticulated Systems with lockable kiosks in Waya communities|Waya|Water and Sanitation|Approved|https://www.kabwecouncil.gov.zm/wp-content/uploads/2025/08/Proposed-2025-CDF-projects.pdf|Proposed 2025 CDF Projects
5|2025|Kabwe Central|Proposed Construction and installation of 02 Solar powered Water reticulated Systems at Kamushanga Market Shelter|Kalonga|Water and Sanitation|Approved|https://www.kabwecouncil.gov.zm/wp-content/uploads/2025/08/Proposed-2025-CDF-projects.pdf|Proposed 2025 CDF Projects
6|2025|Kabwe Central|Proposed Construction and installation of 02 Solar powered Water reticulated Systems at C-gate Primary School|Kaputula|Education|Approved|https://www.kabwecouncil.gov.zm/wp-content/uploads/2025/08/Proposed-2025-CDF-projects.pdf|Proposed 2025 CDF Projects
7|2025|Kabwe Central|Proposed Construction and installation of 02 Solar powered Water reticulated Systems at Njanji Market facilities|Njanji|Education|Approved|https://www.kabwecouncil.gov.zm/wp-content/uploads/2025/08/Proposed-2025-CDF-projects.pdf|Proposed 2025 CDF Projects
8|2025|Kabwe Central|Proposed Construction and installation of 02 Solar powered Water reticulated Systems at Kamakuti Maternity annex|Waya|Health|Approved|https://www.kabwecouncil.gov.zm/wp-content/uploads/2025/08/Proposed-2025-CDF-projects.pdf|Proposed 2025 CDF Projects
9|2025|Kabwe Central|Proposed Construction of an Ablution block at C-gate Primary School|Kaputula|Education|Approved|https://www.kabwecouncil.gov.zm/wp-content/uploads/2025/08/Proposed-2025-CDF-projects.pdf|Proposed 2025 CDF Projects
10|2025|Kabwe Central|Proposed Construction of an Ablution block at BOCCs Primary School|Katondo|Education|Approved|https://www.kabwecouncil.gov.zm/wp-content/uploads/2025/08/Proposed-2025-CDF-projects.pdf|Proposed 2025 CDF Projects
11|2025|Kabwe Central|Procurement of a Hydraulic Tipper Truck|ALL|Transport|Approved|https://www.kabwecouncil.gov.zm/wp-content/uploads/2025/08/Proposed-2025-CDF-projects.pdf|Proposed 2025 CDF Projects
12|2025|Kabwe Central|Proposed extension and rehabilitation of Waya market shelter|Waya|Commerce and Trade|Approved|https://www.kabwecouncil.gov.zm/wp-content/uploads/2025/08/Proposed-2025-CDF-projects.pdf|Proposed 2025 CDF Projects
13|2025|Kabwe Central|Proposed Completion of Nakoli Market shelter|Nakoli|Commerce and Trade|Approved|https://www.kabwecouncil.gov.zm/wp-content/uploads/2025/08/Proposed-2025-CDF-projects.pdf|Proposed 2025 CDF Projects
14|2025|Kabwe Central|Completion of Kabwe General Hospital's Relative waiting Shelter|Luangwa|Health|Approved|https://www.kabwecouncil.gov.zm/wp-content/uploads/2025/08/Proposed-2025-CDF-projects.pdf|Proposed 2025 CDF Projects
15|2025|Kabwe Central|Construction of an Ablution Block at Mpima Prison Primary School|Mpima|Education|Approved|https://www.kabwecouncil.gov.zm/wp-content/uploads/2025/08/Proposed-2025-CDF-projects.pdf|Proposed 2025 CDF Projects
16|2025|Kabwe Central|Procurement of 500 ordinary desks and 40 special desks|ALL|Education|Approved|https://www.kabwecouncil.gov.zm/wp-content/uploads/2025/08/Proposed-2025-CDF-projects.pdf|Proposed 2025 CDF Projects
17|2025|Kabwe Central|Additional Roads Funding for roads|ALL|Transport|Approved|https://www.kabwecouncil.gov.zm/wp-content/uploads/2025/08/Proposed-2025-CDF-projects.pdf|Proposed 2025 CDF Projects
18|2025|Kabwe Central|Additional funding for Njanii Market structure|Njanji|Commerce and Trade|Approved|https://www.kabwecouncil.gov.zm/wp-content/uploads/2025/08/Proposed-2025-CDF-projects.pdf|Proposed 2025 CDF Projects
19|2025|Kabwe Central|Additional funding for Kasanda Market|Justin Kabwe|Commerce and Trade|Approved|https://www.kabwecouncil.gov.zm/wp-content/uploads/2025/08/Proposed-2025-CDF-projects.pdf|Proposed 2025 CDF Projects
20|2025|Kabwe Central|Proposed Construction of a 1x4 Classroom block (CRB) at Mpima Dairy School|Mpima|Education|Not approved because the ward already got an allocation for one project, hence under the principal of equity, resources had to be evenly distributed to cater for all projects|https://www.kabwecouncil.gov.zm/wp-content/uploads/2025/08/Proposed-2025-CDF-projects.pdf|Proposed 2025 CDF Projects
21|2025|Kabwe Central|Proposed Completion of a 1x2 Science Laboratory at Mine Secondary School|Justine Kabwe|Education|Not approved due to Insufficient funds to cater for all projects and priority was given to projects with wider community benefit or urgent needs|https://www.kabwecouncil.gov.zm/wp-content/uploads/2025/08/Proposed-2025-CDF-projects.pdf|Proposed 2025 CDF Projects
22|2025|Kabwe Central|Proposed Construction of a 1x3 Classroom block (CRB) at Kabwe Trust Primary School|Luangwa|Education|Not approved due to Insufficient funds to cater for all projects|https://www.kabwecouncil.gov.zm/wp-content/uploads/2025/08/Proposed-2025-CDF-projects.pdf|Proposed 2025 CDF Projects
23|2025|Kabwe Central|Proposed Completion of the double storey classroom block at Family Future Community School|Lukanga|Education|Not approved due to Insufficient funds to cater for all projects|https://www.kabwecouncil.gov.zm/wp-content/uploads/2025/08/Proposed-2025-CDF-projects.pdf|Proposed 2025 CDF Projects
24|2025|Kabwe Central|Proposed Construction of an Ablution block at Gombe Secondary School|Waya|Education|Not approved as Waya ward had a project under educational sector which was approved, since resources had to be evenly distributed in all the 14 wards.|https://www.kabwecouncil.gov.zm/wp-content/uploads/2025/08/Proposed-2025-CDF-projects.pdf|Proposed 2025 CDF Projects
25|2025|Kabwe Central|Proposed Construction of an Ablution block at Kakama Primary School|Kalonga|Education|A project was already approved under this ward, and for equity sake, other wards had to be considered|https://www.kabwecouncil.gov.zm/wp-content/uploads/2025/08/Proposed-2025-CDF-projects.pdf|Proposed 2025 CDF Projects
26|2025|Kabwe Central|Proposed Construction of an Ablution block at Kamushanga Market shelter|Kalonga|Water and Sanitation|Kalonga has had a one or two projects approved, hence the need to consider other wards amongst the 14.|https://www.kabwecouncil.gov.zm/wp-content/uploads/2025/08/Proposed-2025-CDF-projects.pdf|Proposed 2025 CDF Projects
27|2025|Kabwe Central|Supply and installation of a Micro Burn Unit at Nakoli Clinic|Nakoli|Health|Not approved due to Insufficient funds and furthermore, CDF prioritizes primary health care needs like OPD, Maternity annexes and no records showed a high incidence of burn cases in the catchment area|https://www.kabwecouncil.gov.zm/wp-content/uploads/2025/08/Proposed-2025-CDF-projects.pdf|Proposed 2025 CDF Projects
28|2025|Kabwe Central|Completion of Chindwin barrack school wall fence|Kaputula|Education|Not approved due to Insufficient funds and furthermore, the need is not priority compared to other needs, as the school is next to a defense unit that currently provides security.|https://www.kabwecouncil.gov.zm/wp-content/uploads/2025/08/Proposed-2025-CDF-projects.pdf|Proposed 2025 CDF Projects
29|2025|Kabwe Central|Procurement of equipment for Katondo Maternity Annex|Katondo|Health|Not approved as the ward was already considered for a project under the educational sector|https://www.kabwecouncil.gov.zm/wp-content/uploads/2025/08/Proposed-2025-CDF-projects.pdf|Proposed 2025 CDF Projects
30|2025|Kabwe Central|Procurement of equipment for Magandanyama Maternity Annex and laboratory|David Ramusho|Health|Not approved due to Insufficient funds to cater for all projects|https://www.kabwecouncil.gov.zm/wp-content/uploads/2025/08/Proposed-2025-CDF-projects.pdf|Proposed 2025 CDF Projects
31|2025|Kabwe Central|Procurement of equipment for Mpima Maternity Annex|Mpima|Health|Not approved as another project under the health sector was already approved in this ward|https://www.kabwecouncil.gov.zm/wp-content/uploads/2025/08/Proposed-2025-CDF-projects.pdf|Proposed 2025 CDF Projects
32|2025|Kabwe Central|Procurement of equipment for Kamakuti Maternity Annex|Waya|Health|Not approved due to Insufficient funds to cater for all projects - There was no needs assessment report from the department of Health and usage data to justify the equipment requested|https://www.kabwecouncil.gov.zm/wp-content/uploads/2025/08/Proposed-2025-CDF-projects.pdf|Proposed 2025 CDF Projects
33|2025|Kabwe Central|Proposed Construction of a 1x4 Classroom block (CRB) at David Ramusho Secondary School|David Ramusho|Education|Not approved due to Insufficient funds and also this ward has a project approved already, hence the need to consider other wards|https://www.kabwecouncil.gov.zm/wp-content/uploads/2025/08/Proposed-2025-CDF-projects.pdf|Proposed 2025 CDF Projects
