project_number|year|constituency|project_name|project_description|ward|project_site|application_amount|engineers_estimate|approved_amount|contract_amount|status|source_url|source_document
1|2024|Bwacha|Construction of 1X3 Classroom Block and Teachers Houses in Kangomba ward|Construction of 1X3 Classroom Block and Teachers Houses in Kangomba ward - Kalima zone|Kangomba|Kangomba ward||||||https://www.kabwecouncil.gov.zm/wp-content/uploads/2024/11/2024-Bwacha-community-projects-Recieved.pdf|2024 Bwacha CDF Community Projects Submission
2|2024|Bwacha|Construction of 1X4 Classroom Block at Kagomba Primary School|Construction of 1X4 Classroom Block at Kagomba Primary School|Kangomba|Kangomba Primary School||||||https://www.kabwecouncil.gov.zm/wp-content/uploads/2024/11/2024-Bwacha-community-projects-Recieved.pdf|2024 Bwacha CDF Community Projects Submission
3|2024|Bwacha|Construction of 1X4 Classroom Block at Kagomba Primary School|Construction of 1X4 Classroom Block at Kagomba Primary School|Kangomba|Kangomba Primary School||||||https://www.kabwecouncil.gov.zm/wp-content/uploads/2024/11/2024-Bwacha-community-projects-Recieved.pdf|2024 Bwacha CDF Community Projects Submission
4|2024|Bwacha|Construction of 1X3 Classroom Block at Mine Primary School|Construction of 1X3 Classroom Block at Mine Primary School - Mutwewansofu zone|Kangomba|Mine Primary School||||||https://www.kabwecouncil.gov.zm/wp-content/uploads/2024/11/2024-Bwacha-community-projects-Recieved.pdf|2024 Bwacha CDF Community Projects Submission
5|2024|Bwacha|Repairing of the Mono-Pump, Construction of Toilets for Pre- School Pupils, Procurement of Desks at Mary Chidgey Community Primary School|Repairing of the Mono-Pump, Construction of Toilets for Pre- School Pupils, Procurement of Desks at Mary Chidgey Community Primary School - Chankalamu zone|Kangomba|Mary Chidgey Community School||||||https://www.kabwecouncil.gov.zm/wp-content/uploads/2024/11/2024-Bwacha-community-projects-Recieved.pdf|2024 Bwacha CDF Community Projects Submission
6|2024|Bwacha|Construction of a Primary School in Kawama ward|Construction of a Primary School in Kawama ward|Kawama|Kawama ward||||||https://www.kabwecouncil.gov.zm/wp-content/uploads/2024/11/2024-Bwacha-community-projects-Recieved.pdf|2024 Bwacha CDF Community Projects Submission
7|2024|Bwacha|Construction of 10 Teachers Houses at Chitakata Community School|Construction of 10 Teachers Houses at Chitakata Community School|Muwowo East|Chitakata Commnuity School||||||https://www.kabwecouncil.gov.zm/wp-content/uploads/2024/11/2024-Bwacha-community-projects-Recieved.pdf|2024 Bwacha CDF Community Projects Submission
8|2024|Bwacha|Construction of 1x4 Classroom Block at Mukobeko Correctional Day Secondary School|Construction of 1x4 Classroom Block at Mukobeko Correctional Day Secondary School|Muwowo East|Mukobeko Correctional Day Secondary School||||||https://www.kabwecouncil.gov.zm/wp-content/uploads/2024/11/2024-Bwacha-community-projects-Recieved.pdf|2024 Bwacha CDF Community Projects Submission
9|2024|Bwacha|Construction of Youth Resource Centre|Construction of Youth Resource Centre|Bwacha|Bwacha ward||||||https://www.kabwecouncil.gov.zm/wp-content/uploads/2024/11/2024-Bwacha-community-projects-Recieved.pdf|2024 Bwacha CDF Community Projects Submission
10|2024|Bwacha|Construction of a School Hall at Rapheal Kombe Secondary School|Construction of a School Hall at Rapheal Kombe Secondary School|Chimaniman i|Rapheal Kombe Secondary School||||||https://www.kabwecouncil.gov.zm/wp-content/uploads/2024/11/2024-Bwacha-community-projects-Recieved.pdf|2024 Bwacha CDF Community Projects Submission
11|2024|Bwacha|Construction of Accommodation of Teachers at Munyama Secondary School|Construction of Accommodation of Teachers at Munyama Secondary School|Munyama|Munyama Secondary School||||||https://www.kabwecouncil.gov.zm/wp-content/uploads/2024/11/2024-Bwacha-community-projects-Recieved.pdf|2024 Bwacha CDF Community Projects Submission
12|2024|Bwacha|Drilling of Boreholes at Kasavasa, Chifukwa, Munyama School and Lotho|Drilling of Boreholes at Kasavasa, Chifukwa, Munyama School and Lotho|Munyama|||||||https://www.kabwecouncil.gov.zm/wp-content/uploads/2024/11/2024-Bwacha-community-projects-Recieved.pdf|2024 Bwacha CDF Community Projects Submission
1|2024|Bwacha|Expansion of Kawama Health Centre in Kawama ward|Expansion of Kawama Health Centre in Kawama ward|Kawama|Kawama ward||||||https://www.kabwecouncil.gov.zm/wp-content/uploads/2024/11/2024-Bwacha-community-projects-Recieved.pdf|2024 Bwacha CDF Community Projects Submission
2|2024|Bwacha|Erection of Wall Fence at Ngungu Clinic|Erection of Wall Fence at Ngungu Clinic|Chimaniman i|Ngungu Clinic||||||https://www.kabwecouncil.gov.zm/wp-content/uploads/2024/11/2024-Bwacha-community-projects-Recieved.pdf|2024 Bwacha CDF Community Projects Submission
1|2024|Bwacha|Construction of an Ablution Block at Chimanimani Market|Construction of an Ablution Block at Chimanimani Market|Chimaniman i|Chimanimani Market||||||https://www.kabwecouncil.gov.zm/wp-content/uploads/2024/11/2024-Bwacha-community-projects-Recieved.pdf|2024 Bwacha CDF Community Projects Submission
1|2024|Bwacha|Construction of 3 Bus Shelters in Kawama ward|Construction of 3 Bus Shelters in Kawama ward|Kawama|Kawama ward||||||https://www.kabwecouncil.gov.zm/wp-content/uploads/2024/11/2024-Bwacha-community-projects-Recieved.pdf|2024 Bwacha CDF Community Projects Submission
1|2024|Bwacha|Opening up of Drainages|Opening up of Drainages - Buseko zone|Chimaniman i|Chimanimani ward||||||https://www.kabwecouncil.gov.zm/wp-content/uploads/2024/11/2024-Bwacha-community-projects-Recieved.pdf|2024 Bwacha CDF Community Projects Submission
2|2024|Bwacha|Grading of Feeder Roads in Chimanimani Extension|Grading of Feeder Roads in Chimanimani Extension|Chimaniman i|Chimanimani Extension||||||https://www.kabwecouncil.gov.zm/wp-content/uploads/2024/11/2024-Bwacha-community-projects-Recieved.pdf|2024 Bwacha CDF Community Projects Submission
3|2024|Bwacha|Construction of Drainages|Construction of Drainages - Zone C|Bwacha|Bwacha ward||||||https://www.kabwecouncil.gov.zm/wp-content/uploads/2024/11/2024-Bwacha-community-projects-Recieved.pdf|2024 Bwacha CDF Community Projects Submission
4|2024|Bwacha|Construction of Street Roads|Construction of Street Roads - Zone C|Bwacha|Bwacha ward||||||https://www.kabwecouncil.gov.zm/wp-content/uploads/2024/11/2024-Bwacha-community-projects-Recieved.pdf|2024 Bwacha CDF Community Projects Submission
5|2024|Bwacha|Construction of Roads and Drainage System in Chililalila ward|Construction of Roads and Drainage System in Chililalila ward|Chililalila|Chililalila ward||||||https://www.kabwecouncil.gov.zm/wp-content/uploads/2024/11/2024-Bwacha-community-projects-Recieved.pdf|2024 Bwacha CDF Community Projects Submission
6|2024|Bwacha|Construction of Drainages and Culverts in Kawama ward|Construction of Drainages and Culverts in Kawama ward|Kawama|Kawama ward||||||https://www.kabwecouncil.gov.zm/wp-content/uploads/2024/11/2024-Bwacha-community-projects-Recieved.pdf|2024 Bwacha CDF Community Projects Submission
7|2024|Bwacha|Grading and Gravelling of Access Roads in Kawama ward|Grading and Gravelling of Access Roads in Kawama ward|Kawama|Kawama ward||||||https://www.kabwecouncil.gov.zm/wp-content/uploads/2024/11/2024-Bwacha-community-projects-Recieved.pdf|2024 Bwacha CDF Community Projects Submission
8|2024|Bwacha|Construction of Roads and Drainages in Kang'omba ward|Construction of Roads and Drainages in Kang'omba ward|Kangomba|Kangomba ward||||||https://www.kabwecouncil.gov.zm/wp-content/uploads/2024/11/2024-Bwacha-community-projects-Recieved.pdf|2024 Bwacha CDF Community Projects Submission
9|2024|Bwacha|Construction of Road Network in Kang'omba ward|Construction of Road Network in Kang'omba ward|Kangomba|Kangomba ward||||||https://www.kabwecouncil.gov.zm/wp-content/uploads/2024/11/2024-Bwacha-community-projects-Recieved.pdf|2024 Bwacha CDF Community Projects Submission
1|2024|Bwacha|Construction of a Police Post in Chinyama ward|Construction of a Police Post in Chinyama ward|Chinyama|Nyama zone||||||https://www.kabwecouncil.gov.zm/wp-content/uploads/2024/11/2024-Bwacha-community-projects-Recieved.pdf|2024 Bwacha CDF Community Projects Submission
2|2024|Bwacha|Construction of a Police Post in Kawama ward|Construction of a Police Post in Kawama ward|Kawama|Kawama ward||||||https://www.kabwecouncil.gov.zm/wp-content/uploads/2024/11/2024-Bwacha-community-projects-Recieved.pdf|2024 Bwacha CDF Community Projects Submission
1|2024|Bwacha|Renovation of Boreholes and full installation of Pipes and Hand Pumps|Renovation of Boreholes and full installation of Pipes and Hand Pumps|Chinyama|Kalwelwe zone||||||https://www.kabwecouncil.gov.zm/wp-content/uploads/2024/11/2024-Bwacha-community-projects-Recieved.pdf|2024 Bwacha CDF Community Projects Submission
2|2024|Bwacha|Drilling of Boreholes at in Chililalila ward|Drilling of Boreholes at in Chililalila ward|Chililalila|Chililalila ward||||||https://www.kabwecouncil.gov.zm/wp-content/uploads/2024/11/2024-Bwacha-community-projects-Recieved.pdf|2024 Bwacha CDF Community Projects Submission
3|2024|Bwacha|Water Reticulation Improvement and Rehabilitation of Classroom Block in Ngungu ward|Water Reticulation Improvement and Rehabilitation of Classroom Block in Ngungu ward|Ngungu|Ngungu ward||||||https://www.kabwecouncil.gov.zm/wp-content/uploads/2024/11/2024-Bwacha-community-projects-Recieved.pdf|2024 Bwacha CDF Community Projects Submission
4|2024|Bwacha|Drilling of Boreholes in Kangomba ward|Drilling of Boreholes in Kangomba ward|Kangomba|Kangomba ward||||||https://www.kabwecouncil.gov.zm/wp-content/uploads/2024/11/2024-Bwacha-community-projects-Recieved.pdf|2024 Bwacha CDF Community Projects Submission
5|2024|Bwacha|Procurement of 8 Skip Bins in Ngungu ward|Procurement of 8 Skip Bins in Ngungu ward|Ngungu|Ngungu ward||||||https://www.kabwecouncil.gov.zm/wp-content/uploads/2024/11/2024-Bwacha-community-projects-Recieved.pdf|2024 Bwacha CDF Community Projects Submission
1|2024|Bwacha|Rehabilitation of Muleya Stadium|Rehabilitation of Muleya Stadium|Bwacha|Bwacha ward||||||https://www.kabwecouncil.gov.zm/wp-content/uploads/2024/11/2024-Bwacha-community-projects-Recieved.pdf|2024 Bwacha CDF Community Projects Submission
1|2024|Bwacha|Procurement of 2 Megaphones and 500 Garden Chairs for Community Meetings|Procurement of 2 Megaphones and 500 Garden Chairs for Community Meetings|Chimaniman i|Chimanimani ward||||||https://www.kabwecouncil.gov.zm/wp-content/uploads/2024/11/2024-Bwacha-community-projects-Recieved.pdf|2024 Bwacha CDF Community Projects Submission
2|2024|Bwacha|Procurement of 4 Tents for Funeral Occassions in Kawama ward|Procurement of 4 Tents for Funeral Occassions in Kawama ward|Kawama|Kawama ward||||||https://www.kabwecouncil.gov.zm/wp-content/uploads/2024/11/2024-Bwacha-community-projects-Recieved.pdf|2024 Bwacha CDF Community Projects Submission
3|2024|Bwacha|Construction of Council Office (For Councilor and WDC)|Construction of Council Office (For Councilor and WDC)|Kawama|Kawama ward||||||https://www.kabwecouncil.gov.zm/wp-content/uploads/2024/11/2024-Bwacha-community-projects-Recieved.pdf|2024 Bwacha CDF Community Projects Submission
