council|title|document_type|publication_year|description|file_format|source_type|source_page|source_url
Kabwe Municipal Council|2018 Financial Statement|Financial Report|2018.0|Kabwe Municipal Council financial statement for the 2018 financial year.|PDF|Official Council Publication|https://www.kabwecouncil.gov.zm/?page_id=195|https://www.kabwecouncil.gov.zm/wp-content/uploads/2024/09/FS-2018.pdf
Kabwe Municipal Council|2019 Financial Statement|Financial Report|2019.0|Kabwe Municipal Council financial statement for the 2019 financial year.|PDF|Official Council Publication|https://www.kabwecouncil.gov.zm/?page_id=195|https://www.kabwecouncil.gov.zm/wp-content/uploads/2024/09/FS-2019.pdf
Kabwe Municipal Council|2020 Financial Statement|Financial Report|2020.0|Kabwe Municipal Council financial statement for the 2020 financial year.|PDF|Official Council Publication|https://www.kabwecouncil.gov.zm/?page_id=195|https://www.kabwecouncil.gov.zm/wp-content/uploads/2024/09/FS-2020.pdf
Kabwe Municipal Council|2021 Financial Statement|Financial Report|2021.0|Kabwe Municipal Council financial statement for the 2021 financial year.|PDF|Official Council Publication|https://www.kabwecouncil.gov.zm/?page_id=195|https://www.kabwecouncil.gov.zm/wp-content/uploads/2025/10/FS-2021.pdf
Kabwe Municipal Council|2022 Financial Statement|Financial Report|2022.0|Kabwe Municipal Council financial statement for the 2022 financial year.|PDF|Official Council Publication|https://www.kabwecouncil.gov.zm/?page_id=195|https://www.kabwecouncil.gov.zm/wp-content/uploads/2024/09/Financial-Statement-2022.pdf
Kabwe Municipal Council|2023 Financial Statement|Financial Report|2023.0|Kabwe Municipal Council financial statement for the 2023 financial year.|PDF|Official Council Publication|https://www.kabwecouncil.gov.zm/?page_id=195|https://www.kabwecouncil.gov.zm/wp-content/uploads/2024/11/2023-FINANCIAL-STATEMENTS-KMC-1.pdf
Kabwe Municipal Council|2024 Financial Statement|Financial Report|2024.0|Kabwe Municipal Council financial statement for the 2024 financial year.|PDF|Official Council Publication|https://www.kabwecouncil.gov.zm/?page_id=195|https://www.kabwecouncil.gov.zm/wp-content/uploads/2025/10/KABWE-M-COUNCIL-2024-APPROVED-FINANCIAL-STATEMENTS.pdf
Kabwe Municipal Council|2025 BI Annual Budget Performance Report|Budget Performance Report|2025.0|Annual budget performance report for Kabwe Municipal Council for 2025.|PDF|Official Council Publication|https://www.kabwecouncil.gov.zm/?page_id=195|https://www.kabwecouncil.gov.zm/wp-content/uploads/2025/08/2025-BI-ANNUAL-FINANCIAL-STATEMENT-KABWE-M-COUNCIL-1-1.pdf
Kabwe Municipal Council|2024 Budget Head Mandate Objective|Budget Document|2024.0|Official Kabwe Municipal Council budget-related document for 2024.|PDF|Official Council Publication|https://www.kabwecouncil.gov.zm/?page_id=195|https://www.kabwecouncil.gov.zm/wp-content/uploads/2024/09/HeadMandateObjectiveSubProg-2024-1.pdf
Kabwe Municipal Council|2025 Kabwe Municipal Council OBB Approved Budget|Budget Document|2025.0|Official Kabwe Municipal Council budget-related document for 2025.|PDF|Official Council Publication|https://www.kabwecouncil.gov.zm/?page_id=195|https://www.kabwecouncil.gov.zm/wp-content/uploads/2025/05/2025-KABWE-M-COUNCIL-OBB.pdf
Kabwe Municipal Council|Budget Performance Minutes of the budget Meeting|Meeting Minutes|2024.0|Minutes of a Kabwe Municipal Council meeting or stakeholder consultation related to council budget and planning activities in 2024.|PDF|Official Council Publication|https://www.kabwecouncil.gov.zm/?page_id=195|https://www.kabwecouncil.gov.zm/wp-content/uploads/2025/08/budget-performance-minutes-of-the-budget-meeting-1.pdf
Kabwe Municipal Council|2026 Approved OBB Budget|Budget Document|2026.0|Official Kabwe Municipal Council budget-related document for 2026.|PDF|Official Council Publication|https://www.kabwecouncil.gov.zm/?page_id=195|https://www.kabwecouncil.gov.zm/wp-content/uploads/2026/04/2026-Approved-OBB-Budget.pdf
Kabwe Municipal Council|CDF PRESS STATEMENT|Press Statement|2023.0|Official Kabwe Municipal Council press statement published in 2023.|DOCX|Official Council Publication|https://www.kabwecouncil.gov.zm/?page_id=195|https://www.kabwecouncil.gov.zm/wp-content/uploads/2023/12/CDF-PRESS-STATEMENT.docx
Kabwe Municipal Council|Minutes of Stakeholders Meeting|Meeting Minutes|2023.0|Minutes of a Kabwe Municipal Council meeting or stakeholder consultation related to council budget and planning activities in 2023.|PDF|Official Council Publication|https://www.kabwecouncil.gov.zm/?page_id=195|https://www.kabwecouncil.gov.zm/wp-content/uploads/2024/09/Minutes-For-The-Stake-Holders-Budget-Hearing-Meeting-Held-At-Clayton-ParkKabwe-On-Tuesday-14th-November-2023-Starting-At-10hrs.pdf
Kabwe Municipal Council|Minutes of Ward Development Committees consultative meeting on 2025 budget September 2024|Meeting Minutes|2025.0|Minutes of a Kabwe Municipal Council meeting or stakeholder consultation related to council budget and planning activities in 2025.|PDF|Official Council Publication|https://www.kabwecouncil.gov.zm/?page_id=195|https://www.kabwecouncil.gov.zm/wp-content/uploads/2025/12/MINUTES-OF-WDC-CONSULTATIVE-MEETING-ON-2025-BUDGET-SEPTEMBER-2024-1_rotated.pdf
Kabwe Municipal Council|4 . Stakeholder engagement minutes of the Budget meeting|Meeting Minutes|2025.0|Minutes of a Kabwe Municipal Council meeting or stakeholder consultation related to council budget and planning activities in 2025.|PDF|Official Council Publication|https://www.kabwecouncil.gov.zm/?page_id=195|https://www.kabwecouncil.gov.zm/wp-content/uploads/2025/08/stakeholder-engagement-minutes-of-the-budget-meeting_20250820142333-2.pdf
Kabwe Municipal Council|6 . Minutes of the consultative budget meeting|Meeting Minutes|2024.0|Minutes of a Kabwe Municipal Council meeting or stakeholder consultation related to council budget and planning activities in 2024.|PDF|Official Council Publication|https://www.kabwecouncil.gov.zm/?page_id=195|https://www.kabwecouncil.gov.zm/wp-content/uploads/2025/08/Minutes-of-the-consultative-budget-meeti.pdf
Kabwe Municipal Council|7 . Minutes of the meeting of the budget fee|Meeting Minutes|2025.0|Minutes of a Kabwe Municipal Council meeting or stakeholder consultation related to council budget and planning activities in 2025.|PDF|Official Council Publication|https://www.kabwecouncil.gov.zm/?page_id=195|https://www.kabwecouncil.gov.zm/wp-content/uploads/2025/08/Minutes-of-the-meeting-of-the-budget-fee.pdf
Kabwe Municipal Council|9 . Minutes of consultative meeting on 2025 Budget Estimates|Meeting Minutes|2025.0|Minutes of a Kabwe Municipal Council meeting or stakeholder consultation related to council budget and planning activities in 2025.|PDF|Official Council Publication|https://www.kabwecouncil.gov.zm/?page_id=195|https://www.kabwecouncil.gov.zm/wp-content/uploads/2025/08/Minutes-of-consultative-meeting-on-2025-budget-estimates.pdf
Kabwe Municipal Council|10 . Minutes of the Meeting of Council Management and Stakeholders On The 2025 Approved Budget|Meeting Minutes|2025.0|Minutes of a Kabwe Municipal Council meeting or stakeholder consultation related to council budget and planning activities in 2025.|PDF|Official Council Publication|https://www.kabwecouncil.gov.zm/?page_id=195|https://www.kabwecouncil.gov.zm/wp-content/uploads/2025/08/Management-and-stakeholder-engagement-mi-1.pdf
Kabwe Municipal Council|13 . Community Submission On  The 2026 Council Budget|Budget Document|2026.0|Official Kabwe Municipal Council budget-related document for 2026.|PDF|Official Council Publication|https://www.kabwecouncil.gov.zm/?page_id=195|https://www.kabwecouncil.gov.zm/wp-content/uploads/2025/11/Community-Submissions-on-2026-Council-Budget-from-Communities.pdf
Kabwe Municipal Council|Minutes of 2nd Ordinary Council -2025|Council Meeting Minutes|2025.0|Minutes of an ordinary Kabwe Municipal Council meeting held in 2025.|PDF|Official Council Publication|https://www.kabwecouncil.gov.zm/?page_id=195|https://www.kabwecouncil.gov.zm/wp-content/uploads/2025/11/Minutes-of-2nd-Ordinary-Council-Meeting-Held-24th-March-2025.pdf
Kabwe Municipal Council|Minutes of Third Ordinary Council Meeting-2025|Council Meeting Minutes|2025.0|Minutes of an ordinary Kabwe Municipal Council meeting held in 2025.|PDF|Official Council Publication|https://www.kabwecouncil.gov.zm/?page_id=195|https://www.kabwecouncil.gov.zm/wp-content/uploads/2025/11/MINUTES-THIRD-ORDINARY-COUNCIL.pdf
Kabwe Municipal Council|Minutes of Fourth Ordinary Council Meeting-2025|Council Meeting Minutes|2025.0|Minutes of an ordinary Kabwe Municipal Council meeting held in 2025.|PDF|Official Council Publication|https://www.kabwecouncil.gov.zm/?page_id=195|https://www.kabwecouncil.gov.zm/wp-content/uploads/2025/11/MINUTES-OF-THE-FOURTH-ORDINARY-COUNCIL-7.10.2025..pdf
