page|value|unit|context|source_doc
27|1|population|bjected to a review to include the current population projections with regard to the population dynamics in question. 2.1 Population and Population Growth 2.1.1 District Population Growth Trends The figure below presents changes in the district’s popul|IDP_MAIN
30|5|population|h if it’s enough to cope with this anticipated population growth, if not increase service coverage by what margins? 2.1.5 Population Projection by Constituency According to 2022 Census of Population and Housing Preliminary Report of December 2022, Kabw|IDP_MAIN
31|179275|people|179,275 people in 2022 whereas Bwacha Constituency had 199,391. However, in 2035 Kabwe Central Constituency is expected to have 281,30|IDP_MAIN
31|175020|people|199,391. However, in 2035 Kabwe Central Constituency is expected to have 281,305 inhabitants while Bwacha Constituency 175,020 people. Figure 12: Population Projection by Constiteuncy 2022-2035 Source; ZSA, 2022 2.1.6 Population Projection by Gender Fig|IDP_MAIN
31|6|population|le Bwacha Constituency 175,020 people. Figure 12: Population Projection by Constiteuncy 2022-2035 Source; ZSA, 2022 2.1.6 Population Projection by Gender Figure 11 shows that, Female population (155,314) in 2022 was slightly higher than male population|IDP_MAIN
35|11|population|16: Life Expectancy: Rural-Urban, 2011-2035 (2013 CSO Report: Population and Demographic Projections, 2011 – 2035) 2.1.11 Population Analysis for Key Ages This section analyses the population composition for special groups in order to understand the po|IDP_MAIN
35|12|population|, priority sectors of investment beneficial to the age group including forecasting for future trends in population. 2.1.12 Population in Age Group (0-4) Years Figure 09 shows that population for under 5 will increase from 18,901 in 2015 to 31, 482 in 20|IDP_MAIN
36|13|population|Figure 15: Population Age Group (0-4) Years (2013 CSO Report: Population and Demographic Projections, 2011 – 2035) 2.1.13 Population in Age Group (5-14) Years Assuming population continues to grow at the earlier mentioned projected growth rate of 1.3 %|IDP_MAIN
36|52819|people|rate of 1.3 % per annum, this will entail that, in 2035 the population in the Age Group (5 – 14) years will be roughly 52,819 people. This population is also referred to as population for the Primary School going age. This entails investment in educati|IDP_MAIN
37|14|population|2.1.14 Population in Age Group (14-19) Years Assuming population continues to grow at the earlier mentioned projected growth rate of 1.3|IDP_MAIN
37|23384|people|ier mentioned projected growth rate of 1.3 % per annum, the population in the Age Group (14 – 19) years will be roughly 23,384 people. This population is also referred to as population for Secondary School going age. This change entails investment in ed|IDP_MAIN
37|15|population|igure 19: Population Age Group (14-19) years (2013 CSO Report: Population and Demographic Projections, 2011 – 2035) 2.1.15 Population in Economically Active Age Group (15 – 64) Years Figure 12 depicts that, Population aged (15-64) years is expected to g|IDP_MAIN
38|16|population|igure 20: Population Age Group (15-64) Years (2013 CSO Report: Population and Demographic Projections, 2011 – 2035) 2.1.16 Population in Female Reproductive Age Group (15-49) Years The female population aged 15-49 Years constitutes the reproductive age.|IDP_MAIN
62|4|road|s Activities supported by CEEC in the District S/No. Type Number 1 Auto Spares 2 2 Block Making 2 3 Metal Fabrication 1 4 Road Paving (Construction) 3 5 Dairy 65 (2 Processing) 6 Mining (Gemstone) 1 7 Mixed Farming (Agriculture) 11 8 Poultry 3 9|IDP_MAIN
66|1|markets|, followed by retail and hospitality sectors respectively. Figure 28: Sectors affiliated to KCCI, 2019 KCCI, 2019 3.3.2.1 Markets Analysis It is a well-established true that, Markets enhance the local economic development of any district. This is be|IDP_MAIN
66|23|markets|control markets in their jurisdiction. Supported by this Act, Kabwe district currently has 23 existing markets. Of the 23 markets, 10 are said to viable while 13 are at development stage. In terms of infrastructure, the markets are characterised by|IDP_MAIN
77|3|population|t promoting tourism and arts in the tourism district. 3.4.3 Impact of Changes Anticipated Over the Next Ten Years 3.4.3.3 Population Change – Future Demand for Services and Facilities The population of the district is expected to grow from 299,206 in 2|IDP_MAIN
80|3|road|a sense of ownership, the Local Authority envisages engaging local communities using the labour-based approach. 3.5.1.2.3 Road Sector Investment Program (ROADSIP) I & II The Roads Department through ROADSIP I embarked on emergency repair and 62|IDP_MAIN
83|2|population|below shows the proposed by pass for the district. Figure 38: Proposed By Pass Source: Road Development Agency 3.5.4.1.2 Population change future demand for services and facilities The projected population growth highlighted in the demographic analysi|IDP_MAIN
88|1|population|as they had to walk long distances to fetch firewood. 3.7.7 Impact of Changes Anticipated Over the Next Ten Years 3.7.7.1 Population Change – Future Demand for Services and Facilities The projected population growth for Kabwe district shows an increase|IDP_MAIN
90|2373|people|n extensively in soil, air, surface and ground water, crops, and wildlife. A comprehensive human blood survey involving 2,373 people of all ages revealed that over 50% were children under 7 years. Intensive community 72|IDP_MAIN
91|78|households|oration with Environment Africa, addressed lead contamination in Chowa in 2015 through remediation and encapsulation of 78 households in Chowa. The project also included environmental assessments, health education, and improvements in infrastructure. Th|IDP_MAIN
92|225|pupils|n near the Mine Primary School in Mutwewansofu, resulting in decreased lead exposure and health risks for approximately 225 pupils. The government is actively addressing health risks through drug procurement, blood lead level testing, health educatio|IDP_MAIN
92|30000|school|apacity. The creation of the Lead Education and Awareness Teacher’s Guide has been developed with aim to educate around 30,000 school children in lead hotspot areas. Effects of Lead (Pb) on health of children is provided in summary in the table below fo|IDP_MAIN
94|76000|people|the Continuation of Existing Trends on Population and Settlements More than one third of the population of Kabwe- over 76,000 people- live in lead contaminated townships. Studies estimate that half of the children in these areas 76|IDP_MAIN
99|23343|pupils|olment increased from 45,990 in 2017 to 448,642 in 2021. Similarly, the secondary level also recorded an increment from 23,343 pupils in 2017 to 25693 in 2021. The current population growth is worrying hence the need to consider the carrying capacity in|IDP_MAIN
102|5|teacher|needed as at 2021 Science Mathematics ICT Business Primary Number Studies of Teacher 84 84 42 30 120 s Needed 3.9.1.2.1.5 Teacher-Pupil Ratio The district had seen a teacher-pupil ratio increasing to 1:75 for primary schools, 1: 55 for secondary sch|IDP_MAIN
108|15|schools|17) special education units for the differently abled). While Kabwe district is classified as an urban district school, 15 schools are situated in peri-urban and rural areas of the district. However, the major challenge in the district is that it has|IDP_MAIN
109|1|population|3.9.3 Impact of Changes Anticipated Over the Next Ten Years 3.9.3.1 Population Change – Future Demand for Services and Facilities According to the Kabwe District Education Board Office database, the|IDP_MAIN
109|82355|pupils|or Services and Facilities According to the Kabwe District Education Board Office database, the district has a total of 82355 pupils. Based on projections by the year 2035, it is projected that the district will have more than 125000 pupils. These proj|IDP_MAIN
109|125000|pupils|s a total of 82355 pupils. Based on projections by the year 2035, it is projected that the district will have more than 125000 pupils. These projections give an indication that demand for both primary and secondary schools including educational faciliti|IDP_MAIN
109|1000|teachers|ly Childhood, Primary and Secondary Schools over the next 10 years, there will be need for the following: Deployment of 1000 teachers Procurement of about 30,961 desks Construction of about 900 staff houses Construction of 1000 classrooms 91|IDP_MAIN
109|30961|desks|Schools over the next 10 years, there will be need for the following: Deployment of 1000 teachers Procurement of about 30,961 desks Construction of about 900 staff houses Construction of 1000 classrooms 91|IDP_MAIN
110|147|schools|posed Investment Program Existing Investment Proposed Programmes ⚫ DEBS Office ⚫ Construction of a Boarding School at ⚫ 147 Schools Kafulamase Primary School. ⚫ Construction of a 1x2, 1x3 CRBs, 1x2 ⚫ Construction of a Boarding School at Munga Science|IDP_MAIN
124|4|road|armacy 18 11 7 Physiotherapy 0 0 0 Radiology 0 0 0 Teaching 0 0 0 Grand Total 1,127 821 306 Source: MoH,2021 3.10.2.1.8.4 Road Network and Health Facilities Except for Mine, Kabwe General hospitals and a few facilities within Kabwe town, all othe|IDP_MAIN
128|1|population|ity Lukanga water bituminous Refuse Pit Post supply 3.10.3 Impact of Changes Anticipated Over the Next Ten Years 3.10.3.1 Population Change Vs Future Demand for Services and Facilities According to 2022 Census of Population and Housing Preliminary Repo|IDP_MAIN
132|29|wards|g poor and vulnerable households within the district to mitigate intergenerational poverty. The program operates across 29 wards, benefiting approximately 10,766 clients. Of these, 7,062 beneficiaries receive payments digitally through various serv|IDP_MAIN
135|1|population|wo East 5 Proliferation of informal settlements 3.12.1.4 Impact of Changes Anticipated Over the Next Ten Years 3.12.1.4.1 Population Change on the Future Demand for services and Facilities The projected population growth for the IDP area from 299,206 i|IDP_MAIN
135|3720|plots|nce, the Local Authority from 2010 to 2022 received a total number of 12,473 applications for land in comparison to the 3720 plots that were advertised. The table shows the number of applications received for land in comparison to available plots. 11|IDP_MAIN
143|2035|population|ssil. 3.13.1.4 Impact of Changes Anticipated over the next ten Years Analysis on 25-year span (2010-2035) shows that by 2035, population in the age groups (0-14) and (15-65) will increase by 41.5%. The implications for this increase is that, demand for pub|IDP_MAIN
144|19829|households|d Wells. In rural areas of Kabwe water is being supplied through drilled boreholes, and protected Wells. A total number 19829, households are connected to the Lukanga Water and Sanitation company water network. Approximately seventy (70) percent of the popu|IDP_MAIN
152|0|people|s started period between 1995 and 1996 at the start of the privatization in Zambia. Currently the District has over 10, 000 people living in the three forest reserves of Kabwe District. With the anthropogenic activities brought about as a result of 1|IDP_MAIN
153|20|boreholes|bstracted by LgWSC from approximately 1,000,700m3 to 700,000 m3 per annum from 2015 to 2020. Kalulu Plant initially had 20 boreholes in operation abstracting water at 200m3 per hour but were closed down. Only six boreholes were operational and could on|IDP_MAIN
160|20|markets|trict has only 6 Skip bins which are being used for waste storage. These are inadequate, for the District has more than 20 markets. iii. Unsecured dumpsite which gives access to scavengers and stray animals. iv. No recycling companies in the District|IDP_MAIN
170|25|km|ds and Council and RDA drainages Construction and maintenance of 150 150k Kabwe Municipal Entire district 0 40 30 30 25 25 km feeder roads and m Council and RDA drainages Infrastructure Improve development Construction and access to rural mainte|IDP_MAIN
170|50|km|oads and m Council and RDA drainages Infrastructure Improve development Construction and access to rural maintenance of 50 Km Kabwe Municipal Entire district 0 50km 10 10 10 10 10 and urban township roads and Council and RDA areas. drainages Rel|IDP_MAIN
171|140|km|1 1 National Airport Airport Objective 4: To protect 50km of railway infrastructure from encroachments and rehabilitate 140 km rail line stretch by 2027 Repossession of 50KM Along the strip rail Kabwe 0 50 10 10 10 10 10 encroached Rail land Rese|IDP_MAIN
171|140|km|oached Rail land Reserves Municipal/ ZRL Rehabilitation of the 140k Kabwe Entire district 0 28 28 28 28 28 rail Line of 140 km m Municipal/ ZRL Objective 5: To reduce poverty at Household level from 60% to 44.7% by 20227 Conduct sensitization mee|IDP_MAIN
171|0|ward|44.7% by 20227 Conduct sensitization meetngs on the 29 20 MSMED- Facilitate for formation of 9 Department of All wards 0 ward ward 0 0 0 Business cooperatives in the wards Cooperatives, s s Development identified priority Local Authority among c|IDP_MAIN
172|13|markets|ce travel toilets in existing bus Green Market Station 2 2 1 1 KMC, MLGRD stations Objective 7: To develop and maintain 13 markets by 2027 Rehabilitation of Chimanimani, Nakoli, 0 4 2 2 KMC, MLGRD Construction toilets at Market Njanji, Katondo of mod|IDP_MAIN
184|65000|desks|blocks in 3 bwafwano, 0 6 2 2 2 MOE classroom development primary schools Nkruma Ext blocks Procurement School Procure 65000 desks in all All schools in 6500 0 2,800 16,142 16,142 16,142 16,144 MOE of desks Furniture schools the district 0 Constructi|IDP_MAIN
185|29|wards|Community Intensify sensitization and Sanitation Sanitation demonstrations in and hygiene All the 29 Wards 12 60 12 12 12 12 12 KMC, GRZ and Hygiene sanitation and hygiene promotion promotion promotion Sensitization and Orient|IDP_MAIN
185|29|wards|GRZ and Hygiene sanitation and hygiene promotion promotion promotion Sensitization and Orientation Training of All the 29 Wards 0 145 29 29 29 29 29 KMC, GRZ Empties Emptying of On-Site Fecal Sludge Procurement of EVAC, Sanitation Management Tools|IDP_MAIN
185|29|wards|9 KMC, GRZ Empties Emptying of On-Site Fecal Sludge Procurement of EVAC, Sanitation Management Tools; PPE's and All the 29 Wards 0 29 9 10 10 KMC, GRZ Facilities Chemicals Procurement of Vacuum All the 29 Wards 1 1 1 KMC, GRZ tanker Procure skip bi|IDP_MAIN
185|29|wards|n Management Tools; PPE's and All the 29 Wards 0 29 9 10 10 KMC, GRZ Facilities Chemicals Procurement of Vacuum All the 29 Wards 1 1 1 KMC, GRZ tanker Procure skip bins 6 10 2 2 2 2 2 KMC, GRZ Procure a Compactor 0 1 1 KMC, GRZ truck Enhancemen t o|IDP_MAIN
195|57|health post|rest Health Post, Hamududu Health Post, Kafulamase Health Post, Kalima Strengthen public Infrastructure Construction of 57 Health Post, Kamakuti CDF/PARTN 2 57 11 11 11 12 12 health development waterborne closets Health Post, Makupu ERS A Health Post, Ma|IDP_MAIN
198|29|wards|istribution of Disease ITNs Conduct 29 29 29 29 29 29 Strengthen public health prevention and Indoor Residual All wards 29 wards ward ward ward ward ward ward control Spraying s s s s s s Conduct Community Engagement and MOH/CO 29 29 29 29 29 29 Se|IDP_MAIN
198|29|wards|control Spraying s s s s s s Conduct Community Engagement and MOH/CO 29 29 29 29 29 29 Sensitization OPERATI All wards 29 wards ward ward ward ward ward ward Meetings in NG s s s s s s Malaria PARTNER prevention and S Control Increase Conduct 29 2|IDP_MAIN
198|29|wards|s Malaria PARTNER prevention and S Control Increase Conduct 29 29 29 29 29 29 knowledge in Case mentorship in All wards 29 wards ward ward ward ward ward ward malaria case management malaria case s s s s s s management management IRS micro 75% hous|IDP_MAIN
199|29|wards|ation mosquitoes and construction All wards 40 40 40 40 40 40 40 of IRS base 29 29 29 29 29 29 Enumeration of All wards 29 wards ward ward ward ward ward ward households s s s s s s Recruiting of All wards 70 100 70 100 100 100 100 spray operators|IDP_MAIN
199|29|wards|Tuberculosis notification from 662/1000 to 225/1000 by 2027 Conduct TB 29 29 29 29 29 29 awareness Across the district 29 wards ward ward ward ward ward ward campaigns across s s s s s s Disease the district Strengthen public prevention and Conduc|IDP_MAIN
200|100|schools|Conduct outreach service in and out 100 schools 45 100 100 100 100 100 100 school on SRHR Health Strengthen public education Conduct mentorship MoH, CP health to facil|IDP_MAIN
200|100|school|Conduct outreach service in and out 100 schools 45 100 100 100 100 100 100 school on SRHR Health Strengthen public education Conduct mentorship MoH, CP health to facilities on promotion delivery of 42|IDP_MAIN
201|2026|wards|Forestry Establishment of 500 All 0 500 100 100 100 100 100 Forestry Department establishment of management woodlots by 2026 Wards 500 woodlots by 2026 To reduce deforestation through Forestry Establishment of 100 All 0 100 20 20 20 20 20 Forestry De|IDP_MAIN
202|40|wards|er stations Department stations climate To conduct 172 management All Meteorological sensitization of 0 172 12 40 40 40 40 Wards Department metrological 184|IDP_MAIN
206|2500|plots|tion and maintenance Clayton Park 0 1 1 of recreation facilities Objectives To provide adequate and affordable land for 2500 plots by 2027 To alienate Kangomba, Enhance land for Creation of 2500 Mpima,Waya, 2500 2500 500 500 500 500 500 KMC access to|IDP_MAIN
207|5000|households|Extension of Makululu, water pipes for Moomba, 5000 households Zambezi, Lukanga by Lukanga 1400 5000 1000 1500 1500 1000 Kachulu, Water Water and Makwati, Sewerage Katondo Company Se|IDP_MAIN
207|1500|households|ululu, Settlement Settlement Extension of Moomba, areas areas power lines for Zambezi, Lukanga 300 1500 500 500 250 250 1500 households Kachulu, Water electricity Makwati, Katondo Grading of roads KMC, All Wards 0 360 80 100 100 80 360km RDA,ZNS Objective|IDP_MAIN
214|50|kilometres|the mid- 19th century and continues to play an important role today. Kabwe district has a rail line network of about 40-50 kilometres. The district approach to railway transport focuses on: i. Increase capacity to carry goods for the district to the ind|IDP_MAIN
215|30|km|ricultural based produce. The district has well- developed commercial farming areas within the district radius of about 30 km from the town centre producing maize and wheat, and a good road and rail links that provides easy transportation to mar|IDP_MAIN
216|600|kilometres|ure 75: Proposed Urban Rail Route Extension 4.5.2.6.2 Bus routes Improvement Kabwe district has a road network of about 600 kilometres and 90% of these roads are gravel. Of these district roads, Kabwe holds a trunk road which is the great north road and|IDP_MAIN
216|50|kilometre|the great north road and it passes through the heart of the town. This Trunk Road stretches to a length of about 40 to 50 kilometre across the main district boundary. From this main trunk road (T2) which is a high way many major roads branch into the|IDP_MAIN
233|150|km|Construction of feeder And Human roads and maintenance of Resource, Kabwe Municipal Entire district draianges KMC, NFRA 150 km feeder Equipment, 150,000,000 Council and RDA constructed roads and materials and drainages maintained Kilometres Const|IDP_MAIN
233|50|km|and development maintenance of Entire district draianges Resource, 1,400,000,00 KMC, NFRA Kabwe Municipal urban areas. 50 Km Equipment, Council and RDA constructed 0 Relevant township roads materials and and drainages maintained Human Gazetting|IDP_MAIN
234|140|km|rport an Airport constructed Objective 4: To protect 50km of railway infrastructure from encroachments and rehabilitate 140 km rail line stretch by 2027 Human Repossession of Extent of Resource, 50KM encroached Kabwe Municipal/ Along the strip ra|IDP_MAIN
234|140|km|n Kilometres Resource, Kabwe Municipal/ of the rail Line Entire district of rail line materials, Zambia Railways ZRL of 140 km rehabiliated financial resources Facilitate for Objective 5: To reduce poverty at Household level from 60% to 44.7% by|IDP_MAIN
236|13|markets|Objective 7: To develop and maintain 13 markets by 2027 Constructio n and maintenanc Rehabilitation Number of Man power, Chimanimani, Nakoli, e of markets of toilets a|IDP_MAIN
236|1000000|markets|of Number of Man power, boreholes boreholes in Bwacha and Kabwe Central building materials, KMC KMC, MLGRD drilled(wate 1,000,000 markets financial resources r scheme) Construction Construction of and maintenance 13 modern market shelters Const of markets i|IDP_MAIN
249|1490|teachers|ality, Equitable and Inclusive Education by 2027 s Improve Deployment of No. of teachers Human GRZ, Teacher on staffing 1490 teachers in Across the district deployed in Resourc Cooperating MOE Deployment 350,000 levels the district. the district e partn|IDP_MAIN
249|4860000|schools|uman GRZ, ICT computers IT equipment 300 computers in Across the district Resourc Cooperating MOE Promotion procured in 4,860,000 schools e partners schools 231|IDP_MAIN
250|3600000|schools|cti No. of primary machine GRZ, Construction of 2 on of new Kasavasa - waya schools ry, Cooperating MOE primary schools 3,600,000 schools constructed building partners material s 232|IDP_MAIN
251|3000000|school|Man No. of power, permanent Construction of machine GRZ, school Kawama Primary Kawama ry, Cooperating MOE structure 3,000,000 school building partners constructed at material Kawama s Man Construction of an No. of Constructi power, independent day Seco|IDP_MAIN
251|8000000|schools|Malombe s Man power, Construction of No. of ablution machine GRZ, ablution blocks in blocks ry, Cooperating MOE Enhance 8,000,000 schools. constructed building partners access to material safe Water s and All Wards Man sanitation No. of power, supply in Dri|IDP_MAIN
253|29|wards|. of power, y sensitization and Sanitation sensitizations machine GRZ, Sanitation demonstrations in and hygiene All the 29 Wards and ry, Cooperating KMC, GRZ and sanitation and 80,000 promotion demonstration building partners Hygiene hygiene s cond|IDP_MAIN
253|29|wards|romotion promotion s Man No. of power, Sensitization and sensitization machine GRZ, Orientation and orientation All the 29 Wards ry, Cooperating KMC, GRZ Taining of trainings of 56,000 building partners Emptiers emptier material tn conducted s e m|IDP_MAIN
253|29|wards|ptying a n power, a Procurement of No. of EVAC, of On-Site M machine GRZ, EVAC, Tools; Toola, PPEs Sanitation e All the 29 Wards ry, Cooperating KMC, GRZ g PPE's and and Chemicals 65,000 Facilities d building partners u Chemicals procured lS materi|IDP_MAIN
253|29|wards|lding partners u Chemicals procured lS material la s c e F Man power, No. of Vacuum machine GRZ, Procurement of All the 29 Wards tankers ry, Cooperating KMC, GRZ Vacuum tanker 45,000 procured building partners material s E en n t h o a f n cem e ts|IDP_MAIN
257|52|boreholes|g e l 1,040,000 KMC, GRZ LA f n s I Man power, Number of machine Rehabilitation of All wards boreholes ry, LgWSC LgWSC 52 boreholes 150,000 rehabilitated building material s Munyama, Munga, Man Chinyanja, Muwowo East, power, Muwowo West, Justin Number|IDP_MAIN
259|8|school|mary schools ga, Kasitu, Muwowo, East, Luangwa Mine, Grace Christian primary Promote Inclusive Special Establishment of 8 school, Kawama No. of special Human GRZ, Education more special primary school, education centers Cooperating MOE Learning and|IDP_MAIN
260|64000000|schools|e 1 at Munga 1 at machinery, boarding secondary `Secondary schools Cooperating MOE development Kang'omba and 1 building 64,000,000 schools in the district constructed partners at nyenyezi matrerials Man power, GRZ, Infrastructure Construction of 2 No. of pri|IDP_MAIN
260|3000000|school|ture Construction of school structure machinery, partners Kawama Primary Kawama MOE development constructed at building 3,000,000 school GRZ, Kawama matrerials Cooperating partners 242|IDP_MAIN
261|8000000|school|constructed machinery, independent secondary school at Kasanda Malombe Cooperating MOE development at Kasanda building 8,000,000 school Kasanda Malombe partners Malombe matrerials structure primary school Enhance access Man power, to safe Water Constructi|IDP_MAIN
261|65000|desks|ma Ext blocks constructed building 9,000,000 blocks primary schools partners matrerials GRZ, Procurement School Procure 65000 desks All schools in the No. of desks Human Cooperating MOE of desks Furniture in all schools district procured Resource 104,|IDP_MAIN
262|29|wards|tization Man power, Sanitation and and demonstrations GRZ, Sanitation and and demonstrations machinery, hygiene All the 29 Wards in sanitation and Cooperating KMC, GRZ Hygiene in sanitation and building 80,000 promotion hygiene promotion partners p|IDP_MAIN
262|29|wards|conducted No.of sensitization Man power, Sensitization and GRZ, and orientation machinery, Orientation Taining All the 29 Wards Cooperating KMC, GRZ trainings ofemptiers building 45,000 of Emptiers partners conducted matrerials Emptying of Man pow|IDP_MAIN
262|29|wards|n-Site Fecal Sludge Procurement of No. of EVAC, Toola, GRZ, machinery, Sanitation Management EVAC, Tools; PPE's All the 29 Wards PPEs and Chemicals Cooperating KMC, GRZ building 140,000 Facilities and Chemicals procured partners matrerials Man powe|IDP_MAIN
262|29|wards|0 Facilities and Chemicals procured partners matrerials Man power, GRZ, Procurement of No. of Vacuum machinery, All the 29 Wards Cooperating KMC, GRZ Vacuum tanker tankers procured building 2,000,000 partners matrerials 244|IDP_MAIN
267|0|health post|velopment Kang’omba Health mother's shelter building health care mother's shelter Post,Makupu A constructed matrerials ,000 Health Post, Makupu B Health Post, Mpima Dairy Rural Health Post, Munga Health Post, Munyama Health Post, Waya Health Post, Katondo|IDP_MAIN
268|50000000|hospitals|r, Makululu Mini and Number of Construction of 2 machinery, Katondo Mini mortuaries MOH/GRZ MOH/GRZ Mortuaries building 50,000,000 Hospitals constructed matrerials Man power, Number of district Construction of 1 machinery, Natuseko hospitals MOH/GRZ MOH/GRZ Di|IDP_MAIN
268|90000000|hospitals|Number of health /CO Expansion of 3 machinery, Makululu Mini facilities expanded MOH/GRZ OPERATIN Laboratories building 90,000,000 Hospitals,Bwacha with Laboratories G matrerials PARTNERS Man power, Number of Expansion of 2 Chowa , Katondo machinery, Pharmacie|IDP_MAIN
270|2850000|health post|re Construction of 19 machinery, Magandanyama incinerators MoH, GRZ CDF public health development Incinerators building 2,850,000 Health Post, constructed matrerials Mahatma Gandhi Health Centre, Katondo Health Centre, Makululu Urban Health Centre, Nakoli Healt|IDP_MAIN
271|950000|health post|n of 19 Number of Placenta machinery, Magandanyama MoH, GRZ MOH/CDF development Placenta Pits Pits constructed building 950,000 Health Post, matrerials Mahatma Gandhi Health Centre, Katondo Health Centre, Makululu Urban Health Centre, Nakoli Health Centre, Ka|IDP_MAIN
274|35|health post|re fences constructed Chililalila Health matrerials Post, Chitakata A Number of Secure of 35 Infrastructure Securing of 35 Health Post, Human KCM/Minis properties secured MoH, KMC property tittles development property tittles Chitakata B Health Resource|IDP_MAIN
286|2500|plots|acilities building g partners facilities rehabilitated materials Objectives To provide adequate and affordable land for 2500 plots by 2027 Socio economic Kangomba, Mpima,Waya, Number of KMC KMC, MoL survey Shakumbila plots created Manpower, GPS, Fuel|IDP_MAIN
299|50|km|c I of e v o r a C m o a n in s t t e ru n c a t n io ce n a n o d f Entire 50k t r o o w ad n s s hi a p n d KMC and p 50 Km township 0 10 10 10 10 10 drainages Qtrly m district m RDA I roads and rehabilitate drainages d 281|IDP_MAIN
300|140|km|constructe y Airport I d la Objective 4: To protect 50km of railway infrastructure from encroachments and rehabilitate 140 km rail line stretch by 2027 r e v o s s r e p c m u c o a r t .s a e r a n a b r u d n a tn a v e le R e r u tc u r ts a|IDP_MAIN
301|140|km|ehabilitation of Kabwe Entire of rail line the rail Line of 0 140 28 28 28 28 28 Qtrly Municipal/ district rehabilitate 140 km ZRL d Objective 5: To reduce poverty at Household level from 60% to 44.7% by 20227 d n Conduct a MSMED- n sensitization|IDP_MAIN
302|13|markets|ilets in existing Market 2 2 1 1 rehabiliate 8 MLGRD a bus stations Station ts d E Objective 7: To develop and maintain 13 markets by 2027 fo Chima e c n a n e tn ia s te k r a m R to e i h le a t b s i a li t t a M ti a o r n k e o t f n , N , i a m|IDP_MAIN
316|1|teachers|hance Access to Quality, Equitable and Inclusive Education By 2027 tives Impro No. of ve on Teacher Deployment of 1 1 1 1 teachers on- Across the 325 14 staffin Deploy 1490 teachers 149 149 149 149 149 4 4 4 149 4 deploye goin MOE district 7 90 g men|IDP_MAIN
316|1490|teachers|Education By 2027 tives Impro No. of ve on Teacher Deployment of 1 1 1 1 teachers on- Across the 325 14 staffin Deploy 1490 teachers 149 149 149 149 149 4 4 4 149 4 deploye goin MOE district 7 90 g ment in the district. 9 9 9 9 d in the g levels distri|IDP_MAIN
318|1|schools|constructe district and 1 at d nyenyezi Infrastru No. of cture Construction Kasavasa - primary on- of 2 primary 59 2 1 1 schools goin MOE develop waya Constr schools constructe g uction ment d of No. of new Infrastru permanen school cture Construct|IDP_MAIN
325|10|boreholes|drilled (water schemes) Number of Rehabilitation of quar All wards 0 52 10 5 15 12 10 boreholes LgWSC 52 boreholes terly rehabilitat ed Installation of C r e water kiosks S W ta w d (Munyama, L e n a Munga, h tiw n|IDP_MAIN
325|52|boreholes|drilled (water schemes) Number of Rehabilitation of quar All wards 0 52 10 5 15 12 10 boreholes LgWSC 52 boreholes terly rehabilitat ed Installation of C r e water kiosks S W ta w d (Munyama, L e n a Munga, h tiw n o i n ta i r A o b|IDP_MAIN
325|16|wards|s m o o l u g a a i a w w , s a n n b t h i j s i o o , a a e K , n W W g a E b a a a a e , w s y n s t a t e d , , , , 16 wards 0 16 4 4 4 4 N o k in i f u o s w t s m a k a l b s l t e e e d r r q te u r a ly r Water Affairs e h T r p m n I K Ch|IDP_MAIN
337|29|wards|"- 1 "" a 0 ' - 1 "" a 0 ' -"" 1 0 a ' - 1 "" a 0 ' - 1 "" a 0 ' -"" 1 0 a ' - 1 "" a 0 ' Number of Annual prevention All wards 29 wards 129 wards ITNs public health Residual $ $ $ $ $ $ $ $ $ $ ly and control 0-, 0-, 0-, 0-, 0-, 0-, 0-, 0-, 0-, 0-, distri"|IDP_MAIN
337|129|wards|"' - 1 "" a 0 ' -"" 1 0 a ' - 1 "" a 0 ' - 1 "" a 0 ' -"" 1 0 a ' - 1 "" a 0 ' Number of Annual prevention All wards 29 wards 129 wards ITNs public health Residual $ $ $ $ $ $ $ $ $ $ ly and control 0-, 0-, 0-, 0-, 0-, 0-, 0-, 0-, 0-, 0-, distributed Spra"|IDP_MAIN
337|129|wards|ommunity Number of Engagement community and 29 29 29 29 29 29 29 29 29 29 engagement 29 Quarter Sensitization All wards 129 wards ward war war war war war war war war war and wards ly Meetings in s ds ds ds ds ds ds ds ds ds sensitization Malaria me|IDP_MAIN
340|900|wards|motion Conducting 30 No. trainings of forest- Beekeeping All Forestry 0 30 10 10 10 conducted, Qtrly based trainings to 900 Wards Department No. trained enterprises farmers Conducting 5 Promotion Mushroom No. trainings of forest- All Forestry propag|IDP_MAIN
340|100|wards|forestatio n through Establishment of All No. woodlots Annua Forestry establishme 500 woodlots by 0 500 100 100 100 100 100 Wards created l Department nt of 500 2026 woodlots by 2026 To reduce deforestatio Establishment of n through All No.of plots|IDP_MAIN
346|2500|plots|1 1 facilities e of Park l rehabilitat recreation ed facilities Objectives To provide adequate and affordable land for 2500 plots by 2027 Kangomba To alienate , Enhance land for No of Creation of Mpima,Wa 50 Annua access to housing 2500 2500 500 500|IDP_MAIN
346|500|plots|027 Kangomba To alienate , Enhance land for No of Creation of Mpima,Wa 50 Annua access to housing 2500 2500 500 500 500 500 plots KMC 2500 Plots ya, 0 l land developmen created Shakumbil t a Objective To upgrade 14 informal settlements by 2027 328|IDP_MAIN
346|2500|plots|o alienate , Enhance land for No of Creation of Mpima,Wa 50 Annua access to housing 2500 2500 500 500 500 500 plots KMC 2500 Plots ya, 0 l land developmen created Shakumbil t a Objective To upgrade 14 informal settlements by 2027 328|IDP_MAIN
