page|topic|point|source_doc
20|Agriculture|Construct one Farmer training center in Mutwewansofu by 2023.|IDP_CITIZEN
20|Agriculture|Construct 4 agriculture block offices in Munyama, Mpima , Waya and Munga.|IDP_CITIZEN
20|Unknown|Construct a dam in Munyama Block by 2025.|IDP_CITIZEN
21|Unknown|Zambia Aquaculture Enterprise Development Project|IDP_CITIZEN
22|Governance|Rehabilitate abattoir in the industrial area in Luangwa ward by 2024.|IDP_CITIZEN
22|Unknown|Rehabilitate 5 dip tanks in Munga West, Munga North, Munyama,|IDP_CITIZEN
22|Unknown|Rehabilitate spray race in Munga by 2024.|IDP_CITIZEN
22|Unknown|Facilitate the establishment of cold storage facilities in Mpima, Justin|IDP_CITIZEN
24|Commerce|Provides a ready market for commercial and other sectors|IDP_CITIZEN
25|Commerce|Construct 13 modern market shelters in Zambezi, Ngungu, Kawama|IDP_CITIZEN
25|Water and Sanitation|Rehabilitate sanitation facilities at the following markets: Pollen (1), Njanji|IDP_CITIZEN
25|Commerce|Conduct 5 trainings on how to develop business plans focusing on utilising|IDP_CITIZEN
26|Roads and Drainages|Street vending can reduce Council|IDP_CITIZEN
26|Commerce|It is policy that every market constructed|IDP_CITIZEN
27|Unknown|Construction is underway for a transit bus station to boost|IDP_CITIZEN
28|Unknown|Mobile phone service providers: Airtel, MTN and ZAMTEL There is good|IDP_CITIZEN
28|Roads and Drainages|Rehabilitate 50km of damaged township roads and drainages in all wards,|IDP_CITIZEN
28|Roads and Drainages|Construct and maintain 50 Km of township roads and drainages in all|IDP_CITIZEN
28|Roads and Drainages|Buy road construction equipment (grader, compactor, tipper, excavator)|IDP_CITIZEN
28|Roads and Drainages|Construct bridge in Munyama Kalima by 2025.|IDP_CITIZEN
28|Unknown|Upgrade airstrip in Chililalila by 2024.|IDP_CITIZEN
28|Unknown|Construct an airport in Mpima by 2025.|IDP_CITIZEN
28|Unknown|Rehabilitate rail line of 140 km in the entire district, at least 28km per year|IDP_CITIZEN
28|Unknown|Lobby for the expansion of telecommunication services in Kalwelwe|IDP_CITIZEN
30|Unknown|Supports wildlife and provides resources like fish, agricultural|IDP_CITIZEN
30|Unknown|Established in 1992, stocked with various wildlife.|IDP_CITIZEN
30|Unknown|Replica installed at Broken Hill Man monument in Civic|IDP_CITIZEN
31|Unknown|Man-made lake created in 1925 to provide hydroelectric|IDP_CITIZEN
31|Unknown|Has historical significance, opened by the Prince of Wales. to provide electricty|IDP_CITIZEN
32|Unknown|Construct a museum in Mutwewansfu (at the Broken Hill site) by 2027.|IDP_CITIZEN
33|Agriculture|Establish 2 wind farms in Munyama and Mpima by 2027.|IDP_CITIZEN
37|Water and Sanitation|Drill 19 boreholes in Chankalamo Health Post, Chililalila Health Post,|IDP_CITIZEN
37|Health|Construct 57 ablution blocks in Chankalamo Health Post, Chililalila Health|IDP_CITIZEN
37|Health|Construct 1 district hospital in Natuseko by 2025.|IDP_CITIZEN
37|Health|Upgrade 5 health facilities (construction of OPD block, Laboratory)|IDP_CITIZEN
37|Health|Construct 5 health facilities in Kamushanga (Kakumbi), 4Miles|IDP_CITIZEN
37|Health|Construct 24 maternity wings in all health facilities in 2023 (13), 2024 (11).|IDP_CITIZEN
37|Unknown|Extend 4 maternity annexes: Pollen, Bwacha, Kasanda, Natuseko. 2 each|IDP_CITIZEN
37|Health|Construct houses for health staff at 18 health posts (Mpima Dairy, Munga,|IDP_CITIZEN
37|Health|Construct incinerators at 19 health facilities; Pollen Health Centre,|IDP_CITIZEN
38|Unknown|Antenatal visits can reduce complications|IDP_CITIZEN
41|Unknown|Establish Early childhood centers in Justine Kabwe, Waya, Chililalila,|IDP_CITIZEN
41|Education|Construct staff houses in all rural schools such as Minyama, Munga,|IDP_CITIZEN
41|Education|Establish 8 special education centres in Mine, Grace Christian primary|IDP_CITIZEN
41|Education|Construct 3 laboratories in 22 Schools in the district in year 2023 (10), year|IDP_CITIZEN
41|Education|Construct a primary school in Kasavasa ,Waya, Kawama; one each year|IDP_CITIZEN
41|Education|Construct 6X3 classroom blocks in 3 primary schools in Nakoli, Bwafwano,|IDP_CITIZEN
43|Unknown|Key role in socio-economic development.|IDP_CITIZEN
44|Water and Sanitation|Conduct 60 sensitization programs on sanitation and hygiene promotion|IDP_CITIZEN
46|Unknown|Absorbed by informal settlements due to low supply of rate is sluggish|IDP_CITIZEN
46|Water and Sanitation|Provision of decent housing, safe water, sanitation, roads,|IDP_CITIZEN
47|Unknown|Develop an integrated information land management system which will|IDP_CITIZEN
47|Unknown|Install GIS software and configure network in 2024.|IDP_CITIZEN
47|Roads and Drainages|Upgrade informal settlements by providing services such as access roads,|IDP_CITIZEN
49|Unknown|Targets poor and vulnerable households to improve their Village banking|IDP_CITIZEN
49|Commerce|Provides life, business skills, and micro-credit to vulnerable women.|IDP_CITIZEN
49|Governance|Promotes savings and financial inclusion at community level|IDP_CITIZEN
49|Unknown|Started in 2014 and 423 women have benefited since 2017. development.|IDP_CITIZEN
49|Unknown|Fosters skills, economic development through group support|IDP_CITIZEN
50|Unknown|Create 5 new points in rural areas e.g Chitakata and Kalwelwe by 2027.|IDP_CITIZEN
52|Environment|Develop an Integrated Natural Resource Management Plan by 2024.|IDP_CITIZEN
52|Health|Establish 10 tree nurseries 2 per year from 2023 to 2026.|IDP_CITIZEN
52|Water and Sanitation|Forests play an important part in water supply|IDP_CITIZEN
53|Unknown|Develop and rehabilitate existing sports and recreation facilities (Winter|IDP_CITIZEN
53|Unknown|Construct museum in Mutwewansofu area by 2027.|IDP_CITIZEN
53|Unknown|Construct 6 police stations in Kaputula, Waya, Mukobeko, Kawama, Pollen,|IDP_CITIZEN
53|Unknown|Complete the construction of police posts in Magandayama and Katondo|IDP_CITIZEN
53|Unknown|Construct 100 houses for police staff at proposed Mpima, Kaputula, Waya,|IDP_CITIZEN
